{
  "Total" : {
    "transaction" : "Total",
    "sampleCount" : 30,
    "errorCount" : 0,
    "errorPct" : 0.0,
    "meanResTime" : 408.33333333333326,
    "medianResTime" : 393.5,
    "minResTime" : 366.0,
    "maxResTime" : 621.0,
    "pct1ResTime" : 456.80000000000007,
    "pct2ResTime" : 545.6499999999999,
    "pct3ResTime" : 621.0,
    "throughput" : 0.5141652527122217,
    "receivedKBytesPerSec" : 0.17712926007335425,
    "sentKBytesPerSec" : 0.0756686558434881
  },
  "Get by ActivityId" : {
    "transaction" : "Get by ActivityId",
    "sampleCount" : 30,
    "errorCount" : 0,
    "errorPct" : 0.0,
    "meanResTime" : 408.33333333333326,
    "medianResTime" : 393.5,
    "minResTime" : 366.0,
    "maxResTime" : 621.0,
    "pct1ResTime" : 456.80000000000007,
    "pct2ResTime" : 545.6499999999999,
    "pct3ResTime" : 621.0,
    "throughput" : 0.5141652527122217,
    "receivedKBytesPerSec" : 0.17712926007335425,
    "sentKBytesPerSec" : 0.0756686558434881
  }
}